Original Full Path,New Full Path,Status,Error Message,Timestamp
/Users/alishap/Library/CloudStorage/OneDrive-PBGEventRentals/PBG Events - General Library/TEST DRIVE/2012-06-17 - The Chéz zam Event Group Amanda.xls,,Skipped,,2026-04-27T20:50:40
/Users/alishap/Library/CloudStorage/OneDrive-PBGEventRentals/PBG Events - General Library/TEST DRIVE/2012-07-07 - Parties by Patti - D - NO #.xls,,Skipped,,2026-04-27T20:50:41
/Users/alishap/Library/CloudStorage/OneDrive-PBGEventRentals/PBG Events - General Library/TEST DRIVE/2013-03-16 - Richard Parker.pdf,,Skipped,,2026-04-27T20:50:43
/Users/alishap/Library/CloudStorage/OneDrive-PBGEventRentals/PBG Events - General Library/TEST DRIVE/2013-06-21 - Dwayne Jackson.pdf,,Skipped,,2026-04-27T20:50:44
/Users/alishap/Library/CloudStorage/OneDrive-PBGEventRentals/PBG Events - General Library/TEST DRIVE/2014-06-08 - Hakimian.xls,,Skipped,,2026-04-27T20:50:46
/Users/alishap/Library/CloudStorage/OneDrive-PBGEventRentals/PBG Events - General Library/TEST DRIVE/2015-04-10 - SBZ Events Stefanie - B.pdf,,Skipped,,2026-04-27T20:50:48
/Users/alishap/Library/CloudStorage/OneDrive-PBGEventRentals/PBG Events - General Library/TEST DRIVE/2016-01-30 - Wizard Studios.pdf,,Skipped,,2026-04-27T20:50:49
/Users/alishap/Library/CloudStorage/OneDrive-PBGEventRentals/PBG Events - General Library/TEST DRIVE/2016-06-04 - Foxwoods.xlsx,,Skipped,,2026-04-27T20:50:50
/Users/alishap/Library/CloudStorage/OneDrive-PBGEventRentals/PBG Events - General Library/TEST DRIVE/2016-12-03 - Franks Notes.docx,,Skipped,,2026-04-27T20:50:52
/Users/alishap/Library/CloudStorage/OneDrive-PBGEventRentals/PBG Events - General Library/TEST DRIVE/2017-10-28 - Florie Gross - G.xlsx,,Skipped,,2026-04-27T20:50:53
/Users/alishap/Library/CloudStorage/OneDrive-PBGEventRentals/PBG Events - General Library/TEST DRIVE/2017-11-09 - Shades of Grey.pdf,,Skipped,,2026-04-27T20:50:55
/Users/alishap/Library/CloudStorage/OneDrive-PBGEventRentals/PBG Events - General Library/TEST DRIVE/2020-09-02 - K Levine - D - No$$.xlsx,,Skipped,,2026-04-27T20:50:56
/Users/alishap/Library/CloudStorage/OneDrive-PBGEventRentals/PBG Events - General Library/TEST DRIVE/2022-09-24 - Genadeen.xlsx,,Skipped,,2026-04-27T20:50:58
/Users/alishap/Library/CloudStorage/OneDrive-PBGEventRentals/PBG Events - General Library/TEST DRIVE/2022-10-04 - Frost Child.xlsx,,Skipped,,2026-04-27T20:50:59
/Users/alishap/Library/CloudStorage/OneDrive-PBGEventRentals/PBG Events - General Library/TEST DRIVE/2023-06-07 - SSLI.docx,,Skipped,,2026-04-27T20:51:01
/Users/alishap/Library/CloudStorage/OneDrive-PBGEventRentals/PBG Events - General Library/TEST DRIVE/2023-12-06 - Eventique Nancy.pdf,,Skipped,,2026-04-27T20:51:02
/Users/alishap/Library/CloudStorage/OneDrive-PBGEventRentals/PBG Events - General Library/TEST DRIVE/2025-05-26 - Alon - D.xlsx,,Skipped,,2026-04-27T20:51:03
/Users/alishap/Library/CloudStorage/OneDrive-PBGEventRentals/PBG Events - General Library/TEST DRIVE/BML Blackbird. Eric Todd 12.09.2011.pdf,/Users/alishap/Library/CloudStorage/OneDrive-PBGEventRentals/PBG Events - General Library/TEST DRIVE/2011-12-09 - BML Blackbird Eric Todd.pdf,Renamed,,2026-04-27T20:51:05
/Users/alishap/Library/CloudStorage/OneDrive-PBGEventRentals/PBG Events - General Library/TEST DRIVE/Celebrations LTD 05.2014 SALE B.xls,/Users/alishap/Library/CloudStorage/OneDrive-PBGEventRentals/PBG Events - General Library/TEST DRIVE/2014-05 - Celebrations LTD SALE - B.xls,Renamed,,2026-04-27T20:51:06
/Users/alishap/Library/CloudStorage/OneDrive-PBGEventRentals/PBG Events - General Library/TEST DRIVE/CERF Letterhead.docx,,Skipped,,2026-04-27T20:51:07
/Users/alishap/Library/CloudStorage/OneDrive-PBGEventRentals/PBG Events - General Library/TEST DRIVE/Dayan.06.08.14.xls,/Users/alishap/Library/CloudStorage/OneDrive-PBGEventRentals/PBG Events - General Library/TEST DRIVE/2014-06-08 - Dayan.xls,Renamed,,2026-04-27T20:51:09
/Users/alishap/Library/CloudStorage/OneDrive-PBGEventRentals/PBG Events - General Library/TEST DRIVE/EPP.April2017 B.docx,,Skipped,,2026-04-27T20:51:10
/Users/alishap/Library/CloudStorage/OneDrive-PBGEventRentals/PBG Events - General Library/TEST DRIVE/FAB Foods 05.03.14.D[Conflict].xls,/Users/alishap/Library/CloudStorage/OneDrive-PBGEventRentals/PBG Events - General Library/TEST DRIVE/2014-05-03 - FAB Foods - D.xls,Renamed,,2026-04-27T20:51:11
/Users/alishap/Library/CloudStorage/OneDrive-PBGEventRentals/PBG Events - General Library/TEST DRIVE/GaryZ.5.26.2013.B.pdf,/Users/alishap/Library/CloudStorage/OneDrive-PBGEventRentals/PBG Events - General Library/TEST DRIVE/2013-05-26 - GaryZ - B.pdf,Renamed,,2026-04-27T20:51:13
/Users/alishap/Library/CloudStorage/OneDrive-PBGEventRentals/PBG Events - General Library/TEST DRIVE/Hannah.03.16.2014.F.No$$$[Conflict].xls,/Users/alishap/Library/CloudStorage/OneDrive-PBGEventRentals/PBG Events - General Library/TEST DRIVE/2014-03-16 - Hannah F - No$$.xls,Renamed,,2026-04-27T20:51:14
/Users/alishap/Library/CloudStorage/OneDrive-PBGEventRentals/PBG Events - General Library/TEST DRIVE/House of Dipali 06.09.16.xlsx,/Users/alishap/Library/CloudStorage/OneDrive-PBGEventRentals/PBG Events - General Library/TEST DRIVE/2016-06-09 - House of Dipali.xlsx,Renamed,,2026-04-27T20:51:15
/Users/alishap/Library/CloudStorage/OneDrive-PBGEventRentals/PBG Events - General Library/TEST DRIVE/House of Dipali 06.27.15.xlsx,/Users/alishap/Library/CloudStorage/OneDrive-PBGEventRentals/PBG Events - General Library/TEST DRIVE/2015-06-27 - House of Dipali.xlsx,Renamed,,2026-04-27T20:51:17
/Users/alishap/Library/CloudStorage/OneDrive-PBGEventRentals/PBG Events - General Library/TEST DRIVE/Lisa Potash.Weston FC - 11.09.2013 F[Conflict] (3).xls,/Users/alishap/Library/CloudStorage/OneDrive-PBGEventRentals/PBG Events - General Library/TEST DRIVE/2013-11-09 - Lisa Potash Weston FC F (3).xls,Renamed,,2026-04-27T20:51:18
/Users/alishap/Library/CloudStorage/OneDrive-PBGEventRentals/PBG Events - General Library/TEST DRIVE/LMS.10.05.2012.C.xls,/Users/alishap/Library/CloudStorage/OneDrive-PBGEventRentals/PBG Events - General Library/TEST DRIVE/2012-10-05 - LMS - C.xls,Renamed,,2026-04-27T20:51:19
/Users/alishap/Library/CloudStorage/OneDrive-PBGEventRentals/PBG Events - General Library/TEST DRIVE/Marina 06.10.17 G.pdf,/Users/alishap/Library/CloudStorage/OneDrive-PBGEventRentals/PBG Events - General Library/TEST DRIVE/2017-06-10 - Marina - G.pdf,Renamed,,2026-04-27T20:51:21
/Users/alishap/Library/CloudStorage/OneDrive-PBGEventRentals/PBG Events - General Library/TEST DRIVE/Metro Florists. Adrian 08.31.2012.xls,/Users/alishap/Library/CloudStorage/OneDrive-PBGEventRentals/PBG Events - General Library/TEST DRIVE/2012-08-31 - Metro Florists Adrian.xls,Renamed,,2026-04-27T20:51:22
/Users/alishap/Library/CloudStorage/OneDrive-PBGEventRentals/PBG Events - General Library/TEST DRIVE/Moshe.Lederman.Wish List.Pricing (2).xlsx,,Skipped,,2026-04-27T20:51:23
/Users/alishap/Library/CloudStorage/OneDrive-PBGEventRentals/PBG Events - General Library/TEST DRIVE/NRF 01.11.15.B.xlsx,/Users/alishap/Library/CloudStorage/OneDrive-PBGEventRentals/PBG Events - General Library/TEST DRIVE/2015-01-11 - NRF - B.xlsx,Renamed,,2026-04-27T20:51:25
/Users/alishap/Library/CloudStorage/OneDrive-PBGEventRentals/PBG Events - General Library/TEST DRIVE/PCFloral.Designs.02.09&10.2012.Audio.xls,/Users/alishap/Library/CloudStorage/OneDrive-PBGEventRentals/PBG Events - General Library/TEST DRIVE/2009-02 - PCFloral Designs &10 2012 Audio.xls,Renamed,,2026-04-27T20:51:26
/Users/alishap/Library/CloudStorage/OneDrive-PBGEventRentals/PBG Events - General Library/TEST DRIVE/Shari.EPP - 10 2017 E.xlsx,,Skipped,,2026-04-27T20:51:27
/Users/alishap/Library/CloudStorage/OneDrive-PBGEventRentals/PBG Events - General Library/TEST DRIVE/Stefanie Bartell. 02.04.2012 C DAMAGE.xls,/Users/alishap/Library/CloudStorage/OneDrive-PBGEventRentals/PBG Events - General Library/TEST DRIVE/2012-02-04 - Stefanie Bartell C DAMAGE.xls,Renamed,,2026-04-27T20:51:28
/Users/alishap/Library/CloudStorage/OneDrive-PBGEventRentals/PBG Events - General Library/TEST DRIVE/Steinberg.12.14.19.pdf,/Users/alishap/Library/CloudStorage/OneDrive-PBGEventRentals/PBG Events - General Library/TEST DRIVE/2019-12-14 - Steinberg.pdf,Renamed,,2026-04-27T20:51:29
/Users/alishap/Library/CloudStorage/OneDrive-PBGEventRentals/PBG Events - General Library/TEST DRIVE/The Council.12.06.2013[Conflict].xls,/Users/alishap/Library/CloudStorage/OneDrive-PBGEventRentals/PBG Events - General Library/TEST DRIVE/2013-12-06 - The Council.xls,Renamed,,2026-04-27T20:51:30
